source,target,relation,confidence,evidence
app:Properties,flow:WarRoom_EnabledProjects_GetActive,CALLS,observed,App.pa.yaml
app:Properties,flow:WarRoom_Security_IsSuperAdmin,CALLS,observed,App.pa.yaml
component:cmp_DetailDrawer_old,flow:WarRoom_GetCustomBundle,CALLS,observed,Components/cmp_DetailDrawer_old.pa.yaml
component:cmp_DetailDrawer_old,flow:WarRoom_SaveCustomBulk,CALLS,observed,Components/cmp_DetailDrawer_old.pa.yaml
component:cmp_DetailDrawer_old,flow:Warroom_AddTaskComment,CALLS,observed,Components/cmp_DetailDrawer_old.pa.yaml
component:cmp_DetailDrawer_old,flow:Warroom_GetTaskCommentsPaged,CALLS,observed,Components/cmp_DetailDrawer_old.pa.yaml
flow:DIM_MASTER_COMPANIES_LH,sp:dbo.usp_Upsert_MasterCompany_FromLakehouse_Batch,EXECUTES,observed,DIM_MASTER_COMPANIES_LH-60F81C09-CC8C-F111-AB10-7C1E5260DE41.json
flow:DIM_MASTER_COMPANIES_LH,connector:shared_office365,USES_CONNECTOR,observed,DIM_MASTER_COMPANIES_LH-60F81C09-CC8C-F111-AB10-7C1E5260DE41.json
flow:DIM_MASTER_COMPANIES_LH,connector:shared_sql,USES_CONNECTOR,observed,DIM_MASTER_COMPANIES_LH-60F81C09-CC8C-F111-AB10-7C1E5260DE41.json
flow:DIM_MASTER_COMPANIES_LH,connector:shared_sqldw,USES_CONNECTOR,observed,DIM_MASTER_COMPANIES_LH-60F81C09-CC8C-F111-AB10-7C1E5260DE41.json
flow:WarRoom_Admin_Roles_Get,sp:warroom.usp_Admin_Roles_Get,EXECUTES,observed,WarRoom_Admin_Roles_Get-8D5B533A-CC8C-F111-AB10-7C1E5260DE41.json
flow:WarRoom_Admin_Roles_Get,connector:shared_sqldw,USES_CONNECTOR,observed,WarRoom_Admin_Roles_Get-8D5B533A-CC8C-F111-AB10-7C1E5260DE41.json
flow:WarRoom_Admin_UserProjectRole_Upsert,sp:warroom.usp_Admin_UserProjectRole_Upsert,EXECUTES,observed,WarRoom_Admin_UserProjectRole_Upsert-98D33235-CC8C-F111-AB10-7CED8D917E8A.json
flow:WarRoom_Admin_UserProjectRole_Upsert,connector:shared_sqldw,USES_CONNECTOR,observed,WarRoom_Admin_UserProjectRole_Upsert-98D33235-CC8C-F111-AB10-7CED8D917E8A.json
flow:WarRoom_Admin_User_Upsert,sp:warroom.usp_Admin_User_Upsert,EXECUTES,observed,WarRoom_Admin_User_Upsert-C774C338-CC8C-F111-AB10-000D3A21CE45.json
flow:WarRoom_Admin_User_Upsert,connector:shared_sqldw,USES_CONNECTOR,observed,WarRoom_Admin_User_Upsert-C774C338-CC8C-F111-AB10-000D3A21CE45.json
flow:WarRoom_Admin_Users_Get,sp:warroom.usp_Admin_Users_Get,EXECUTES,observed,WarRoom_Admin_Users_Get-97D33235-CC8C-F111-AB10-7CED8D917E8A.json
flow:WarRoom_Admin_Users_Get,connector:shared_sqldw,USES_CONNECTOR,observed,WarRoom_Admin_Users_Get-97D33235-CC8C-F111-AB10-7CED8D917E8A.json
flow:WarRoom_AttentionQueue_Add,sp:warroom.usp_AttentionQueue_Add,EXECUTES,observed,WarRoom_AttentionQueue_Add-E0102823-CC8C-F111-AB10-7CED8D917E8A.json
flow:WarRoom_AttentionQueue_Add,connector:shared_sqldw,USES_CONNECTOR,observed,WarRoom_AttentionQueue_Add-E0102823-CC8C-F111-AB10-7CED8D917E8A.json
flow:WarRoom_AttentionQueue_GetActive,sp:warroom.usp_AttentionQueue_GetActive,EXECUTES,observed,WarRoom_AttentionQueue_GetActive-59388B26-CC8C-F111-AB10-000D3A21CE45.json
flow:WarRoom_AttentionQueue_GetActive,connector:shared_sqldw,USES_CONNECTOR,observed,WarRoom_AttentionQueue_GetActive-59388B26-CC8C-F111-AB10-000D3A21CE45.json
flow:WarRoom_AttentionQueue_GetHistory,sp:warroom.usp_AttentionQueue_GetHistory,EXECUTES,observed,WarRoom_AttentionQueue_GetHistory-44B77124-CC8C-F111-AB0F-7C1E5271C9FE.json
flow:WarRoom_AttentionQueue_GetHistory,connector:shared_sqldw,USES_CONNECTOR,observed,WarRoom_AttentionQueue_GetHistory-44B77124-CC8C-F111-AB0F-7C1E5271C9FE.json
flow:WarRoom_AttentionQueue_Move,sp:warroom.usp_AttentionQueue_Move,EXECUTES,observed,WarRoom_AttentionQueue_Move-57388B26-CC8C-F111-AB10-000D3A21CE45.json
flow:WarRoom_AttentionQueue_Move,connector:shared_sqldw,USES_CONNECTOR,observed,WarRoom_AttentionQueue_Move-57388B26-CC8C-F111-AB10-000D3A21CE45.json
flow:WarRoom_AttentionQueue_Remove,sp:warroom.usp_AttentionQueue_Remove,EXECUTES,observed,WarRoom_AttentionQueue_Remove-A9987725-CC8C-F111-AB10-000D3A25AA91.json
flow:WarRoom_AttentionQueue_Remove,connector:shared_sqldw,USES_CONNECTOR,observed,WarRoom_AttentionQueue_Remove-A9987725-CC8C-F111-AB10-000D3A25AA91.json
flow:WarRoom_AttentionQueue_SearchSubsystems,sp:warroom.usp_AttentionQueue_SearchSubsystems,EXECUTES,observed,WarRoom_AttentionQueue_SearchSubsystems-A8987725-CC8C-F111-AB10-000D3A25AA91.json
flow:WarRoom_AttentionQueue_SearchSubsystems,connector:shared_sqldw,USES_CONNECTOR,observed,WarRoom_AttentionQueue_SearchSubsystems-A8987725-CC8C-F111-AB10-000D3A25AA91.json
flow:WarRoom_AttentionQueue_UpdateReason,sp:warroom.usp_AttentionQueue_UpdateReason,EXECUTES,observed,WarRoom_AttentionQueue_UpdateReason-DF102823-CC8C-F111-AB10-7CED8D917E8A.json
flow:WarRoom_AttentionQueue_UpdateReason,connector:shared_sqldw,USES_CONNECTOR,observed,WarRoom_AttentionQueue_UpdateReason-DF102823-CC8C-F111-AB10-7CED8D917E8A.json
flow:WarRoom_DailyBriefing_CreateDraft,connector:shared_office365,USES_CONNECTOR,observed,WarRoom_DailyBriefing_CreateDraft-72159C25-CC8C-F111-AB10-7C1E5260DE41.json
flow:WarRoom_DailyBriefing_GetData,sp:warroom.usp_DailyBriefing_GetEvents,EXECUTES,observed,WarRoom_DailyBriefing_GetData-8B5B533A-CC8C-F111-AB10-7C1E5260DE41.json
flow:WarRoom_DailyBriefing_GetData,sp:warroom.usp_DailyBriefing_GetKpis,EXECUTES,observed,WarRoom_DailyBriefing_GetData-8B5B533A-CC8C-F111-AB10-7C1E5260DE41.json
flow:WarRoom_DailyBriefing_GetData,connector:shared_sqldw,USES_CONNECTOR,observed,WarRoom_DailyBriefing_GetData-8B5B533A-CC8C-F111-AB10-7C1E5260DE41.json
flow:WarRoom_EnabledProjects_Enable,sp:warroom.usp_EnabledProjects_Enable,EXECUTES,observed,WarRoom_EnabledProjects_Enable-9AD33235-CC8C-F111-AB10-7CED8D917E8A.json
flow:WarRoom_EnabledProjects_Enable,connector:shared_sqldw,USES_CONNECTOR,observed,WarRoom_EnabledProjects_Enable-9AD33235-CC8C-F111-AB10-7CED8D917E8A.json
flow:WarRoom_EnabledProjects_GetActive,sp:warroom.usp_EnabledProjects_GetActive,EXECUTES,observed,WarRoom_EnabledProjects_GetActive-8C5B533A-CC8C-F111-AB10-7C1E5260DE41.json
flow:WarRoom_EnabledProjects_GetActive,connector:shared_sqldw,USES_CONNECTOR,observed,WarRoom_EnabledProjects_GetActive-8C5B533A-CC8C-F111-AB10-7C1E5260DE41.json
flow:WarRoom_GetCustomBundle,sp:warroom.usp_CustomBundle_GetJson,EXECUTES,observed,WarRoom_GetCustomBundle-581FCF60-CC8C-F111-AB10-7CED8D917E8A.json
flow:WarRoom_GetCustomBundle,connector:shared_sqldw,USES_CONNECTOR,observed,WarRoom_GetCustomBundle-581FCF60-CC8C-F111-AB10-7CED8D917E8A.json
flow:WarRoom_Home_GetExecutiveDashboard,sp:warroom.usp_Home_GetExecutiveDashboard,EXECUTES,observed,WarRoom_Home_GetExecutiveDashboard-D7289F47-CC8C-F111-AB10-7CED8D917E8A.json
flow:WarRoom_Home_GetExecutiveDashboard,connector:shared_sqldw,USES_CONNECTOR,observed,WarRoom_Home_GetExecutiveDashboard-D7289F47-CC8C-F111-AB10-7CED8D917E8A.json
flow:WarRoom_Home_GetKPIs,sp:warroom.usp_Home_GetKPIs,EXECUTES,observed,WarRoom_Home_GetKPIs-D5289F47-CC8C-F111-AB10-7CED8D917E8A.json
flow:WarRoom_Home_GetKPIs,connector:shared_sqldw,USES_CONNECTOR,observed,WarRoom_Home_GetKPIs-D5289F47-CC8C-F111-AB10-7CED8D917E8A.json
flow:WarRoom_Home_GetProgressByDiscipline,sp:warroom.usp_Home_GetProgressByDiscipline,EXECUTES,observed,WarRoom_Home_GetProgressByDiscipline-BE1B8945-CC8C-F111-AB10-000D3A21CE45.json
flow:WarRoom_Home_GetProgressByDiscipline,connector:shared_sqldw,USES_CONNECTOR,observed,WarRoom_Home_GetProgressByDiscipline-BE1B8945-CC8C-F111-AB10-000D3A21CE45.json
flow:WarRoom_Home_GetStatusSummary,sp:warroom.usp_Home_GetStatusSummary,EXECUTES,observed,WarRoom_Home_GetStatusSummary-D4289F47-CC8C-F111-AB10-7CED8D917E8A.json
flow:WarRoom_Home_GetStatusSummary,connector:shared_sqldw,USES_CONNECTOR,observed,WarRoom_Home_GetStatusSummary-D4289F47-CC8C-F111-AB10-7CED8D917E8A.json
flow:WarRoom_Home_GetTopSubsystemsPending,sp:warroom.usp_Home_GetTopSubsystemsPending,EXECUTES,observed,WarRoom_Home_GetTopSubsystemsPending-BD1B8945-CC8C-F111-AB10-000D3A21CE45.json
flow:WarRoom_Home_GetTopSubsystemsPending,connector:shared_sqldw,USES_CONNECTOR,observed,WarRoom_Home_GetTopSubsystemsPending-BD1B8945-CC8C-F111-AB10-000D3A21CE45.json
flow:WarRoom_ListCustomFieldDefs,sp:warroom.usp_CustomField_ListJson,EXECUTES,observed,WarRoom_ListCustomFieldDefs-7D10EE65-CC8C-F111-AB10-7C1E5260DE41.json
flow:WarRoom_ListCustomFieldDefs,connector:shared_sqldw,USES_CONNECTOR,observed,WarRoom_ListCustomFieldDefs-7D10EE65-CC8C-F111-AB10-7C1E5260DE41.json
flow:WarRoom_Operations_GetCells,sp:warroom.usp_Operations_GetCells,EXECUTES,observed,WarRoom_Operations_GetCells-291DAE46-CC8C-F111-AB10-7C1E5260DE41.json
flow:WarRoom_Operations_GetCells,connector:shared_sqldw,USES_CONNECTOR,observed,WarRoom_Operations_GetCells-291DAE46-CC8C-F111-AB10-7C1E5260DE41.json
flow:WarRoom_Operations_RefreshCellCache,sp:warroom.usp_Operations_RefreshCellCache,EXECUTES,observed,WarRoom_Operations_RefreshCellCache-F9289F47-CC8C-F111-AB10-7CED8D917E8A.json
flow:WarRoom_Operations_RefreshCellCache,connector:shared_sqldw,USES_CONNECTOR,observed,WarRoom_Operations_RefreshCellCache-F9289F47-CC8C-F111-AB10-7CED8D917E8A.json
flow:WarRoom_Operations_UpsertCell,sp:warroom.usp_Operations_UpsertCell,EXECUTES,observed,WarRoom_Operations_UpsertCell-D6289F47-CC8C-F111-AB10-7CED8D917E8A.json
flow:WarRoom_Operations_UpsertCell,connector:shared_sqldw,USES_CONNECTOR,observed,WarRoom_Operations_UpsertCell-D6289F47-CC8C-F111-AB10-7CED8D917E8A.json
flow:WarRoom_Projects_Search,sp:warroom.usp_Projects_Search,EXECUTES,observed,WarRoom_Projects_Search-BD74C338-CC8C-F111-AB10-000D3A21CE45.json
flow:WarRoom_Projects_Search,connector:shared_sqldw,USES_CONNECTOR,observed,WarRoom_Projects_Search-BD74C338-CC8C-F111-AB10-000D3A21CE45.json
flow:WarRoom_ReportConfig_AssignGroups,sp:warroom.usp_ReportAssignment_BulkUpsert,EXECUTES,observed,WarRoom_ReportConfig_AssignGroups-AE517B55-CC8C-F111-AB10-7C1E5260DE41.json
flow:WarRoom_ReportConfig_AssignGroups,connector:shared_sqldw,USES_CONNECTOR,observed,WarRoom_ReportConfig_AssignGroups-AE517B55-CC8C-F111-AB10-7C1E5260DE41.json
flow:WarRoom_ReportConfig_DeactivateNode,sp:warroom.usp_ReportNode_Deactivate,EXECUTES,observed,WarRoom_ReportConfig_DeactivateNode-571FCF60-CC8C-F111-AB10-7CED8D917E8A.json
flow:WarRoom_ReportConfig_DeactivateNode,connector:shared_sqldw,USES_CONNECTOR,observed,WarRoom_ReportConfig_DeactivateNode-571FCF60-CC8C-F111-AB10-7CED8D917E8A.json
flow:WarRoom_ReportConfig_GetAssignments,sp:warroom.usp_ReportAssignment_Get,EXECUTES,observed,WarRoom_ReportConfig_GetAssignments-1D183952-CC8C-F111-AB10-000D3A21CE45.json
flow:WarRoom_ReportConfig_GetAssignments,connector:shared_sqldw,USES_CONNECTOR,observed,WarRoom_ReportConfig_GetAssignments-1D183952-CC8C-F111-AB10-000D3A21CE45.json
flow:WarRoom_ReportConfig_GetScope,sp:warroom.usp_InspectionScope_GroupedTotals,EXECUTES,observed,WarRoom_ReportConfig_GetScope-4AACC265-CC8C-F111-AB10-000D3A21CE45.json
flow:WarRoom_ReportConfig_GetScope,connector:shared_sqldw,USES_CONNECTOR,observed,WarRoom_ReportConfig_GetScope-4AACC265-CC8C-F111-AB10-000D3A21CE45.json
flow:WarRoom_ReportConfig_GetTree,sp:warroom.usp_ReportNode_GetTree,EXECUTES,observed,WarRoom_ReportConfig_GetTree-7C10EE65-CC8C-F111-AB10-7C1E5260DE41.json
flow:WarRoom_ReportConfig_GetTree,connector:shared_sqldw,USES_CONNECTOR,observed,WarRoom_ReportConfig_GetTree-7C10EE65-CC8C-F111-AB10-7C1E5260DE41.json
flow:WarRoom_ReportConfig_UpsertNode,sp:warroom.usp_ReportNode_Upsert,EXECUTES,observed,WarRoom_ReportConfig_UpsertNode-AC517B55-CC8C-F111-AB10-7C1E5260DE41.json
flow:WarRoom_ReportConfig_UpsertNode,connector:shared_sqldw,USES_CONNECTOR,observed,WarRoom_ReportConfig_UpsertNode-AC517B55-CC8C-F111-AB10-7C1E5260DE41.json
flow:WarRoom_ReportDictionary_Get,sp:warroom.usp_ReportDictionary_Get,EXECUTES,observed,WarRoom_ReportDictionary_Get-1C183952-CC8C-F111-AB10-000D3A21CE45.json
flow:WarRoom_ReportDictionary_Get,connector:shared_sqldw,USES_CONNECTOR,observed,WarRoom_ReportDictionary_Get-1C183952-CC8C-F111-AB10-000D3A21CE45.json
flow:WarRoom_ReportDictionary_MapDebug,sp:warroom.usp_ReportDictionary_MapDebug,EXECUTES,observed,WarRoom_ReportDictionary_MapDebug-68864554-CC8C-F111-AB10-7CED8D917E8A.json
flow:WarRoom_ReportDictionary_MapDebug,connector:shared_sqldw,USES_CONNECTOR,observed,WarRoom_ReportDictionary_MapDebug-68864554-CC8C-F111-AB10-7CED8D917E8A.json
flow:WarRoom_SaveCustomBulk,sp:warroom.usp_CustomSaveBulk_GetJson,EXECUTES,observed,WarRoom_SaveCustomBulk-4BACC265-CC8C-F111-AB10-000D3A21CE45.json
flow:WarRoom_SaveCustomBulk,connector:shared_sqldw,USES_CONNECTOR,observed,WarRoom_SaveCustomBulk-4BACC265-CC8C-F111-AB10-000D3A21CE45.json
flow:WarRoom_Security_IsSuperAdmin,sp:warroom.usp_Security_IsSuperAdmin,EXECUTES,observed,WarRoom_Security_IsSuperAdmin-99D33235-CC8C-F111-AB10-7CED8D917E8A.json
flow:WarRoom_Security_IsSuperAdmin,connector:shared_sqldw,USES_CONNECTOR,observed,WarRoom_Security_IsSuperAdmin-99D33235-CC8C-F111-AB10-7CED8D917E8A.json
flow:WarRoom_SetCustomFieldActive,sp:warroom.usp_CustomField_SetActive,EXECUTES,observed,WarRoom_SetCustomFieldActive-2A1DAE46-CC8C-F111-AB10-7C1E5260DE41.json
flow:WarRoom_SetCustomFieldActive,connector:shared_sqldw,USES_CONNECTOR,observed,WarRoom_SetCustomFieldActive-2A1DAE46-CC8C-F111-AB10-7C1E5260DE41.json
flow:WarRoom_UpsertCustomFieldDef,sp:warroom.usp_CustomField_Upsert_AndListJson,EXECUTES,observed,WarRoom_UpsertCustomFieldDef-FED74CCC-CB8C-F111-AB10-7C1E5260DE41.json
flow:WarRoom_UpsertCustomFieldDef,connector:shared_sqldw,USES_CONNECTOR,observed,WarRoom_UpsertCustomFieldDef-FED74CCC-CB8C-F111-AB10-7C1E5260DE41.json
flow:Warroom_AddComment,sp:warroom.usp_AddPunchComment,EXECUTES,observed,Warroom_AddComment-F3D7C6A0-CB8C-F111-AB10-000D3A21CE45.json
flow:Warroom_AddComment,sp:warroom.usp_AddTaskComment,EXECUTES,observed,Warroom_AddComment-F3D7C6A0-CB8C-F111-AB10-000D3A21CE45.json
flow:Warroom_AddComment,connector:shared_sqldw,USES_CONNECTOR,observed,Warroom_AddComment-F3D7C6A0-CB8C-F111-AB10-000D3A21CE45.json
flow:Warroom_DeleteComment,sp:warroom.usp_DeletePunchComment,EXECUTES,observed,Warroom_DeleteComment-B4D7C6A0-CB8C-F111-AB10-000D3A21CE45.json
flow:Warroom_DeleteComment,sp:warroom.usp_DeleteTaskComment,EXECUTES,observed,Warroom_DeleteComment-B4D7C6A0-CB8C-F111-AB10-000D3A21CE45.json
flow:Warroom_DeleteComment,connector:shared_sqldw,USES_CONNECTOR,observed,Warroom_DeleteComment-B4D7C6A0-CB8C-F111-AB10-000D3A21CE45.json
flow:Warroom_ExportPunchesToExcel,sp:warroom.usp_ExportProjectPunchesExtended_Pivoted,EXECUTES,observed,Warroom_ExportPunchesToExcel-776AED9C-298B-F111-AB10-000D3A25AA91.json
flow:Warroom_ExportPunchesToExcel,sp:warroom.usp_GetPunchExportColumnMap,EXECUTES,observed,Warroom_ExportPunchesToExcel-776AED9C-298B-F111-AB10-000D3A25AA91.json
flow:Warroom_ExportPunchesToExcel,sp:warroom.usp_PunchExportLog_Complete,EXECUTES,observed,Warroom_ExportPunchesToExcel-776AED9C-298B-F111-AB10-000D3A25AA91.json
flow:Warroom_ExportPunchesToExcel,sp:warroom.usp_PunchExportLog_Start,EXECUTES,observed,Warroom_ExportPunchesToExcel-776AED9C-298B-F111-AB10-000D3A25AA91.json
flow:Warroom_ExportPunchesToExcel,connector:shared_excelonlinebusiness,USES_CONNECTOR,observed,Warroom_ExportPunchesToExcel-776AED9C-298B-F111-AB10-000D3A25AA91.json
flow:Warroom_ExportPunchesToExcel,connector:shared_sharepointonline,USES_CONNECTOR,observed,Warroom_ExportPunchesToExcel-776AED9C-298B-F111-AB10-000D3A25AA91.json
flow:Warroom_ExportPunchesToExcel,connector:shared_sqldw,USES_CONNECTOR,observed,Warroom_ExportPunchesToExcel-776AED9C-298B-F111-AB10-000D3A25AA91.json
flow:Warroom_ExportPunchesToExcel_Codex,sp:warroom.usp_CompletePunchExportBatch,EXECUTES,observed,Warroom_ExportPunchesToExcel_Codex-1D37F98F-2D8B-F111-AB10-000D3A21CE45.json
flow:Warroom_ExportPunchesToExcel_Codex,sp:warroom.usp_ExportProjectPunchesExtended_Pivoted,EXECUTES,observed,Warroom_ExportPunchesToExcel_Codex-1D37F98F-2D8B-F111-AB10-000D3A21CE45.json
flow:Warroom_ExportPunchesToExcel_Codex,sp:warroom.usp_GetPunchExportColumnMap,EXECUTES,observed,Warroom_ExportPunchesToExcel_Codex-1D37F98F-2D8B-F111-AB10-000D3A21CE45.json
flow:Warroom_ExportPunchesToExcel_Codex,sp:warroom.usp_PunchExportLog_Complete,EXECUTES,observed,Warroom_ExportPunchesToExcel_Codex-1D37F98F-2D8B-F111-AB10-000D3A21CE45.json
flow:Warroom_ExportPunchesToExcel_Codex,sp:warroom.usp_PunchExportLog_Start,EXECUTES,observed,Warroom_ExportPunchesToExcel_Codex-1D37F98F-2D8B-F111-AB10-000D3A21CE45.json
flow:Warroom_ExportPunchesToExcel_Codex,sp:warroom.usp_RegisterPunchExportSnapshot,EXECUTES,observed,Warroom_ExportPunchesToExcel_Codex-1D37F98F-2D8B-F111-AB10-000D3A21CE45.json
flow:Warroom_ExportPunchesToExcel_Codex,connector:shared_excelonlinebusiness,USES_CONNECTOR,observed,Warroom_ExportPunchesToExcel_Codex-1D37F98F-2D8B-F111-AB10-000D3A21CE45.json
flow:Warroom_ExportPunchesToExcel_Codex,connector:shared_sharepointonline,USES_CONNECTOR,observed,Warroom_ExportPunchesToExcel_Codex-1D37F98F-2D8B-F111-AB10-000D3A21CE45.json
flow:Warroom_ExportPunchesToExcel_Codex,connector:shared_sqldw,USES_CONNECTOR,observed,Warroom_ExportPunchesToExcel_Codex-1D37F98F-2D8B-F111-AB10-000D3A21CE45.json
flow:Warroom_FilterOptions_Disciplines,connector:shared_sqldw,USES_CONNECTOR,observed,Warroom_FilterOptions_Disciplines-B3D7C6A0-CB8C-F111-AB10-000D3A21CE45.json
flow:Warroom_FilterOptions_Subcontractors,connector:shared_sqldw,USES_CONNECTOR,observed,Warroom_FilterOptions_Subcontractors-F4D7C6A0-CB8C-F111-AB10-000D3A21CE45.json
flow:Warroom_FilterOptions_Subsystems,connector:shared_sqldw,USES_CONNECTOR,observed,Warroom_FilterOptions_Subsystems-B2D7C6A0-CB8C-F111-AB10-000D3A21CE45.json
flow:Warroom_GetCommentsPaged,sp:warroom.usp_GetPunchCommentsPaged,EXECUTES,observed,Warroom_GetCommentsPaged-6FCDDA65-CC8C-F111-AB10-000D3A25AA91.json
flow:Warroom_GetCommentsPaged,sp:warroom.usp_GetTaskCommentsPaged,EXECUTES,observed,Warroom_GetCommentsPaged-6FCDDA65-CC8C-F111-AB10-000D3A25AA91.json
flow:Warroom_GetCommentsPaged,connector:shared_sqldw,USES_CONNECTOR,observed,Warroom_GetCommentsPaged-6FCDDA65-CC8C-F111-AB10-000D3A25AA91.json
flow:Warroom_GetCustom,sp:warroom.usp_GetPunchCustom,EXECUTES,observed,Warroom_GetCustom-D7EBE6A2-CB8C-F111-AB10-7C1E5260DE41.json
flow:Warroom_GetCustom,sp:warroom.usp_GetTaskCustom,EXECUTES,observed,Warroom_GetCustom-D7EBE6A2-CB8C-F111-AB10-7C1E5260DE41.json
flow:Warroom_GetCustom,connector:shared_sqldw,USES_CONNECTOR,observed,Warroom_GetCustom-D7EBE6A2-CB8C-F111-AB10-7C1E5260DE41.json
flow:Warroom_GetHiveNodesByDiscipline,sp:warroom.usp_Home_GetHiveNodesByDiscipline,EXECUTES,observed,Warroom_GetHiveNodesByDiscipline-D7BE7307-CC8C-F111-AB10-000D3A21CE45.json
flow:Warroom_GetHiveNodesByDiscipline,connector:shared_sqldw,USES_CONNECTOR,observed,Warroom_GetHiveNodesByDiscipline-D7BE7307-CC8C-F111-AB10-000D3A21CE45.json
flow:Warroom_GetOverviewSnapshot,sp:warroom.usp_GetOverviewSnapshot,EXECUTES,observed,Warroom_GetOverviewSnapshot-D6BE7307-CC8C-F111-AB10-000D3A21CE45.json
flow:Warroom_GetOverviewSnapshot,connector:shared_sqldw,USES_CONNECTOR,observed,Warroom_GetOverviewSnapshot-D6BE7307-CC8C-F111-AB10-000D3A21CE45.json
flow:Warroom_GetPendingSubsystemsByDiscipline,sp:warroom.usp_Home_GetPendingSubsystemsByDiscipline,EXECUTES,observed,Warroom_GetPendingSubsystemsByDiscipline-58388B26-CC8C-F111-AB10-000D3A21CE45.json
flow:Warroom_GetPendingSubsystemsByDiscipline,connector:shared_sqldw,USES_CONNECTOR,observed,Warroom_GetPendingSubsystemsByDiscipline-58388B26-CC8C-F111-AB10-000D3A21CE45.json
flow:Warroom_GetProjectPunchTemplates,sp:warroom.usp_GetProjectPunchTemplates,EXECUTES,observed,Warroom_GetProjectPunchTemplates-D4BE7307-CC8C-F111-AB10-000D3A21CE45.json
flow:Warroom_GetProjectPunchTemplates,connector:shared_sqldw,USES_CONNECTOR,observed,Warroom_GetProjectPunchTemplates-D4BE7307-CC8C-F111-AB10-000D3A21CE45.json
flow:Warroom_GetPunchReportStatusConfig,sp:warroom.usp_GetPunchReportStatusConfig,EXECUTES,observed,Warroom_GetPunchReportStatusConfig-D5BE7307-CC8C-F111-AB10-000D3A21CE45.json
flow:Warroom_GetPunchReportStatusConfig,connector:shared_sqldw,USES_CONNECTOR,observed,Warroom_GetPunchReportStatusConfig-D5BE7307-CC8C-F111-AB10-000D3A21CE45.json
flow:Warroom_GetTaskSummaryById,sp:warroom.usp_GetTaskSummaryById,EXECUTES,observed,Warroom_GetTaskSummaryById-B5D7C6A0-CB8C-F111-AB10-000D3A21CE45.json
flow:Warroom_GetTaskSummaryById,connector:shared_sqldw,USES_CONNECTOR,observed,Warroom_GetTaskSummaryById-B5D7C6A0-CB8C-F111-AB10-000D3A21CE45.json
flow:Warroom_PHR_GetPage,sp:warroom.usp_WarRoomReport_GetPage,EXECUTES,observed,Warroom_PHR_GetPage-37149752-CC8C-F111-AB10-000D3A25AA91.json
flow:Warroom_PHR_GetPage,connector:shared_sqldw,USES_CONNECTOR,observed,Warroom_PHR_GetPage-37149752-CC8C-F111-AB10-000D3A25AA91.json
flow:Warroom_Pulse_GetSubsystemSkyline,sp:warroom.usp_GetPulseSubsystemSkyline,EXECUTES,observed,Warroom_Pulse_GetSubsystemSkyline-CEE6670A-CC8C-F111-AB10-7CED8D917E8A.json
flow:Warroom_Pulse_GetSubsystemSkyline,connector:shared_sqldw,USES_CONNECTOR,observed,Warroom_Pulse_GetSubsystemSkyline-CEE6670A-CC8C-F111-AB10-7CED8D917E8A.json
flow:Warroom_Punches_Filtered_Paged,sp:warroom.usp_GetProjectPunchesExtended_FilteredPaged,EXECUTES,observed,Warroom_Punches_Filtered_Paged-EA858CCC-CB8C-F111-AB10-7CED8D917E8A.json
flow:Warroom_Punches_Filtered_Paged,connector:shared_sqldw,USES_CONNECTOR,observed,Warroom_Punches_Filtered_Paged-EA858CCC-CB8C-F111-AB10-7CED8D917E8A.json
flow:Warroom_Punches_GetFilterCatalogs,sp:warroom.usp_GetProjectPunchFilterCatalogs,EXECUTES,observed,Warroom_Punches_GetFilterCatalogs-FDD74CCC-CB8C-F111-AB10-7C1E5260DE41.json
flow:Warroom_Punches_GetFilterCatalogs,connector:shared_sqldw,USES_CONNECTOR,observed,Warroom_Punches_GetFilterCatalogs-FDD74CCC-CB8C-F111-AB10-7C1E5260DE41.json
flow:Warroom_Punches_GetSubcontractors,sp:warroom.usp_GetProjectPunchSubcontractors,EXECUTES,observed,Warroom_Punches_GetSubcontractors-FCD74CCC-CB8C-F111-AB10-7C1E5260DE41.json
flow:Warroom_Punches_GetSubcontractors,connector:shared_sqldw,USES_CONNECTOR,observed,Warroom_Punches_GetSubcontractors-FCD74CCC-CB8C-F111-AB10-7C1E5260DE41.json
flow:Warroom_Punches_GetSubsystems,sp:warroom.usp_GetProjectPunchSubsystems,EXECUTES,observed,Warroom_Punches_GetSubsystems-EB858CCC-CB8C-F111-AB10-7CED8D917E8A.json
flow:Warroom_Punches_GetSubsystems,connector:shared_sqldw,USES_CONNECTOR,observed,Warroom_Punches_GetSubsystems-EB858CCC-CB8C-F111-AB10-7CED8D917E8A.json
flow:Warroom_ReportConfig_GetAssignmentModalData,sp:warroom.usp_ReportConfig_GetAssignmentModalData,EXECUTES,observed,Warroom_ReportConfig_GetAssignmentModalData-AD517B55-CC8C-F111-AB10-7C1E5260DE41.json
flow:Warroom_ReportConfig_GetAssignmentModalData,connector:shared_sqldw,USES_CONNECTOR,observed,Warroom_ReportConfig_GetAssignmentModalData-AD517B55-CC8C-F111-AB10-7C1E5260DE41.json
flow:Warroom_ReportConfig_UnassignGroups,sp:warroom.usp_ReportConfig_UnassignGroups,EXECUTES,observed,Warroom_ReportConfig_UnassignGroups-AF517B55-CC8C-F111-AB10-7C1E5260DE41.json
flow:Warroom_ReportConfig_UnassignGroups,connector:shared_sqldw,USES_CONNECTOR,observed,Warroom_ReportConfig_UnassignGroups-AF517B55-CC8C-F111-AB10-7C1E5260DE41.json
flow:Warroom_SetPunchReportStatusIncluded,sp:warroom.usp_SetPunchReportStatusIncluded,EXECUTES,observed,Warroom_SetPunchReportStatusIncluded-5AF81C09-CC8C-F111-AB10-7C1E5260DE41.json
flow:Warroom_SetPunchReportStatusIncluded,connector:shared_sqldw,USES_CONNECTOR,observed,Warroom_SetPunchReportStatusIncluded-5AF81C09-CC8C-F111-AB10-7C1E5260DE41.json
flow:Warroom_SetPunchTemplateIncluded,sp:warroom.usp_SetPunchTemplateIncluded,EXECUTES,observed,Warroom_SetPunchTemplateIncluded-5BF81C09-CC8C-F111-AB10-7C1E5260DE41.json
flow:Warroom_SetPunchTemplateIncluded,connector:shared_sqldw,USES_CONNECTOR,observed,Warroom_SetPunchTemplateIncluded-5BF81C09-CC8C-F111-AB10-7C1E5260DE41.json
flow:Warroom_Tasks_Filtered_Paged,sp:warroom.usp_GetProjectInspectionTasksExtended_FilteredPaged,EXECUTES,observed,Warroom_Tasks_Filtered_Paged-FBD74CCC-CB8C-F111-AB10-7C1E5260DE41.json
flow:Warroom_Tasks_Filtered_Paged,connector:shared_sqldw,USES_CONNECTOR,observed,Warroom_Tasks_Filtered_Paged-FBD74CCC-CB8C-F111-AB10-7C1E5260DE41.json
flow:Warroom_Tasks_GetFilterCatalogs,sp:warroom.usp_GetProjectTaskFilterCatalogs,EXECUTES,observed,Warroom_Tasks_GetFilterCatalogs-EC858CCC-CB8C-F111-AB10-7CED8D917E8A.json
flow:Warroom_Tasks_GetFilterCatalogs,connector:shared_sqldw,USES_CONNECTOR,observed,Warroom_Tasks_GetFilterCatalogs-EC858CCC-CB8C-F111-AB10-7CED8D917E8A.json
flow:Warrrom_SaveCustom,sp:warroom.usp_UpsertPunchCustom,EXECUTES,observed,Warrrom_SaveCustom-F665F4A1-CB8C-F111-AB10-7CED8D917E8A.json
flow:Warrrom_SaveCustom,sp:warroom.usp_UpsertTaskCustom,EXECUTES,observed,Warrrom_SaveCustom-F665F4A1-CB8C-F111-AB10-7CED8D917E8A.json
flow:Warrrom_SaveCustom,connector:shared_sqldw,USES_CONNECTOR,observed,Warrrom_SaveCustom-F665F4A1-CB8C-F111-AB10-7CED8D917E8A.json
flow:warroom_GenerateOverviewSnapshot,sp:warroom.usp_GenerateOverviewSnapshot,EXECUTES,observed,warroom_GenerateOverviewSnapshot-CFE6670A-CC8C-F111-AB10-7CED8D917E8A.json
flow:warroom_GenerateOverviewSnapshot,connector:shared_sqldw,USES_CONNECTOR,observed,warroom_GenerateOverviewSnapshot-CFE6670A-CC8C-F111-AB10-7CED8D917E8A.json
flow:warroom_GetPunchDashboardBundle,sp:warroom.usp_GetOrRefreshPunchDashboardBundle,EXECUTES,observed,warroom_GetPunchDashboardBundle-4AA15D31-858A-F111-AB10-000D3A21CE45.json
flow:warroom_GetPunchDashboardBundle,connector:shared_sqldw,USES_CONNECTOR,observed,warroom_GetPunchDashboardBundle-4AA15D31-858A-F111-AB10-000D3A21CE45.json
flow:warroom_GetPunchDashboardCellDetails,sp:warroom.usp_GetPunchDashboardCellDetailsPaged,EXECUTES,observed,warroom_GetPunchDashboardCellDetails-96EEC5A5-EF8F-F111-8076-6045BDA2401A.json
flow:warroom_GetPunchDashboardCellDetails,connector:shared_sqldw,USES_CONNECTOR,observed,warroom_GetPunchDashboardCellDetails-96EEC5A5-EF8F-F111-8076-6045BDA2401A.json
screen:scr_Briefing,flow:WarRoom_DailyBriefing_CreateDraft,CALLS,observed,scr_Briefing.pa.yaml
screen:scr_Briefing,flow:WarRoom_DailyBriefing_GetData,CALLS,observed,scr_Briefing.pa.yaml
screen:scr_Briefing,screen:scr_Briefing,NAVIGATES_TO,observed,scr_Briefing.pa.yaml
screen:scr_Briefing,screen:scr_Config,NAVIGATES_TO,observed,scr_Briefing.pa.yaml
screen:scr_Briefing,screen:scr_Home,NAVIGATES_TO,observed,scr_Briefing.pa.yaml
screen:scr_Briefing,screen:scr_Overview,NAVIGATES_TO,observed,scr_Briefing.pa.yaml
screen:scr_Briefing,screen:scr_PunchReview,NAVIGATES_TO,observed,scr_Briefing.pa.yaml
screen:scr_Briefing,screen:scr_Punches,NAVIGATES_TO,observed,scr_Briefing.pa.yaml
screen:scr_Briefing,screen:scr_Skyline,NAVIGATES_TO,observed,scr_Briefing.pa.yaml
screen:scr_Briefing,screen:scr_SuperAdmin,NAVIGATES_TO,observed,scr_Briefing.pa.yaml
screen:scr_Config,flow:WarRoom_ReportConfig_AssignGroups,CALLS,observed,scr_Config.pa.yaml
screen:scr_Config,flow:WarRoom_ReportConfig_GetAssignments,CALLS,observed,scr_Config.pa.yaml
screen:scr_Config,flow:WarRoom_ReportConfig_GetScope,CALLS,observed,scr_Config.pa.yaml
screen:scr_Config,flow:WarRoom_ReportConfig_GetTree,CALLS,observed,scr_Config.pa.yaml
screen:scr_Config,flow:Warroom_GetProjectPunchTemplates,CALLS,observed,scr_Config.pa.yaml
screen:scr_Config,flow:Warroom_GetPunchReportStatusConfig,CALLS,observed,scr_Config.pa.yaml
screen:scr_Config,flow:Warroom_ReportConfig_GetAssignmentModalData,CALLS,observed,scr_Config.pa.yaml
screen:scr_Config,flow:Warroom_ReportConfig_UnassignGroups,CALLS,observed,scr_Config.pa.yaml
screen:scr_Config,flow:Warroom_SetPunchReportStatusIncluded,CALLS,observed,scr_Config.pa.yaml
screen:scr_Config,flow:Warroom_SetPunchTemplateIncluded,CALLS,observed,scr_Config.pa.yaml
screen:scr_Config,flow:warroom_GenerateOverviewSnapshot,CALLS,observed,scr_Config.pa.yaml
screen:scr_Config,screen:scr_Briefing,NAVIGATES_TO,observed,scr_Config.pa.yaml
screen:scr_Config,screen:scr_Config,NAVIGATES_TO,observed,scr_Config.pa.yaml
screen:scr_Config,screen:scr_Home,NAVIGATES_TO,observed,scr_Config.pa.yaml
screen:scr_Config,screen:scr_Overview,NAVIGATES_TO,observed,scr_Config.pa.yaml
screen:scr_Config,screen:scr_PunchReview,NAVIGATES_TO,observed,scr_Config.pa.yaml
screen:scr_Config,screen:scr_Punches,NAVIGATES_TO,observed,scr_Config.pa.yaml
screen:scr_Config,screen:scr_Skyline,NAVIGATES_TO,observed,scr_Config.pa.yaml
screen:scr_Config,screen:scr_SuperAdmin,NAVIGATES_TO,observed,scr_Config.pa.yaml
screen:scr_Home,flow:WarRoom_GetCustomBundle,CALLS,observed,scr_Home.pa.yaml
screen:scr_Home,flow:WarRoom_ListCustomFieldDefs,CALLS,observed,scr_Home.pa.yaml
screen:scr_Home,flow:WarRoom_SetCustomFieldActive,CALLS,observed,scr_Home.pa.yaml
screen:scr_Home,flow:WarRoom_UpsertCustomFieldDef,CALLS,observed,scr_Home.pa.yaml
screen:scr_Home,flow:Warroom_GetHiveNodesByDiscipline,CALLS,observed,scr_Home.pa.yaml
screen:scr_Home,flow:Warroom_GetPendingSubsystemsByDiscipline,CALLS,observed,scr_Home.pa.yaml
screen:scr_Home,flow:Warroom_GetProjectPunchTemplates,CALLS,observed,scr_Home.pa.yaml
screen:scr_Home,flow:Warroom_GetTaskCommentsPaged,CALLS,observed,scr_Home.pa.yaml
screen:scr_Home,flow:warroom_GetPunchDashboardBundle,CALLS,observed,scr_Home.pa.yaml
screen:scr_Home,flow:warroom_GetPunchDashboardCellDetails,CALLS,observed,scr_Home.pa.yaml
screen:scr_Home,screen:scr_Briefing,NAVIGATES_TO,observed,scr_Home.pa.yaml
screen:scr_Home,screen:scr_Config,NAVIGATES_TO,observed,scr_Home.pa.yaml
screen:scr_Home,screen:scr_Home,NAVIGATES_TO,observed,scr_Home.pa.yaml
screen:scr_Home,screen:scr_Overview,NAVIGATES_TO,observed,scr_Home.pa.yaml
screen:scr_Home,screen:scr_PunchReview,NAVIGATES_TO,observed,scr_Home.pa.yaml
screen:scr_Home,screen:scr_Punches,NAVIGATES_TO,observed,scr_Home.pa.yaml
screen:scr_Home,screen:scr_Skyline,NAVIGATES_TO,observed,scr_Home.pa.yaml
screen:scr_Home,screen:scr_SuperAdmin,NAVIGATES_TO,observed,scr_Home.pa.yaml
screen:scr_Home,screen:scr_Tasks,NAVIGATES_TO,observed,scr_Home.pa.yaml
screen:scr_Overview,flow:WarRoom_Operations_RefreshCellCache,CALLS,observed,scr_Overview.pa.yaml
screen:scr_Overview,flow:Warroom_GetOverviewSnapshot,CALLS,observed,scr_Overview.pa.yaml
screen:scr_Overview,flow:warroom_GenerateOverviewSnapshot,CALLS,observed,scr_Overview.pa.yaml
screen:scr_Overview,screen:scr_Briefing,NAVIGATES_TO,observed,scr_Overview.pa.yaml
screen:scr_Overview,screen:scr_Config,NAVIGATES_TO,observed,scr_Overview.pa.yaml
screen:scr_Overview,screen:scr_Home,NAVIGATES_TO,observed,scr_Overview.pa.yaml
screen:scr_Overview,screen:scr_Overview,NAVIGATES_TO,observed,scr_Overview.pa.yaml
screen:scr_Overview,screen:scr_PunchReview,NAVIGATES_TO,observed,scr_Overview.pa.yaml
screen:scr_Overview,screen:scr_Punches,NAVIGATES_TO,observed,scr_Overview.pa.yaml
screen:scr_Overview,screen:scr_Skyline,NAVIGATES_TO,observed,scr_Overview.pa.yaml
screen:scr_Overview,screen:scr_SuperAdmin,NAVIGATES_TO,observed,scr_Overview.pa.yaml
screen:scr_Overview,screen:scr_Tasks,NAVIGATES_TO,observed,scr_Overview.pa.yaml
screen:scr_PunchReview,flow:WarRoom_GetCustomBundle,CALLS,observed,scr_PunchReview.pa.yaml
screen:scr_PunchReview,flow:WarRoom_ListCustomFieldDefs,CALLS,observed,scr_PunchReview.pa.yaml
screen:scr_PunchReview,flow:WarRoom_SaveCustomBulk,CALLS,observed,scr_PunchReview.pa.yaml
screen:scr_PunchReview,flow:WarRoom_SetCustomFieldActive,CALLS,observed,scr_PunchReview.pa.yaml
screen:scr_PunchReview,flow:WarRoom_UpsertCustomFieldDef,CALLS,observed,scr_PunchReview.pa.yaml
screen:scr_PunchReview,flow:Warroom_AddTaskComment,CALLS,observed,scr_PunchReview.pa.yaml
screen:scr_PunchReview,flow:Warroom_GetTaskCommentsPaged,CALLS,observed,scr_PunchReview.pa.yaml
screen:scr_PunchReview,screen:scr_Briefing,NAVIGATES_TO,observed,scr_PunchReview.pa.yaml
screen:scr_PunchReview,screen:scr_Config,NAVIGATES_TO,observed,scr_PunchReview.pa.yaml
screen:scr_PunchReview,screen:scr_Home,NAVIGATES_TO,observed,scr_PunchReview.pa.yaml
screen:scr_PunchReview,screen:scr_Overview,NAVIGATES_TO,observed,scr_PunchReview.pa.yaml
screen:scr_PunchReview,screen:scr_PunchReview,NAVIGATES_TO,observed,scr_PunchReview.pa.yaml
screen:scr_PunchReview,screen:scr_Punches,NAVIGATES_TO,observed,scr_PunchReview.pa.yaml
screen:scr_PunchReview,screen:scr_Skyline,NAVIGATES_TO,observed,scr_PunchReview.pa.yaml
screen:scr_PunchReview,screen:scr_SuperAdmin,NAVIGATES_TO,observed,scr_PunchReview.pa.yaml
screen:scr_Punches,flow:WarRoom_GetCustomBundle,CALLS,observed,scr_Punches.pa.yaml
screen:scr_Punches,flow:WarRoom_ListCustomFieldDefs,CALLS,observed,scr_Punches.pa.yaml
screen:scr_Punches,flow:WarRoom_SetCustomFieldActive,CALLS,observed,scr_Punches.pa.yaml
screen:scr_Punches,flow:WarRoom_UpsertCustomFieldDef,CALLS,observed,scr_Punches.pa.yaml
screen:scr_Punches,flow:Warroom_ExportPunchesToExcel_Codex,CALLS,observed,scr_Punches.pa.yaml
screen:scr_Punches,flow:Warroom_GetTaskCommentsPaged,CALLS,observed,scr_Punches.pa.yaml
screen:scr_Punches,flow:Warroom_Punches_Filtered_Paged,CALLS,observed,scr_Punches.pa.yaml
screen:scr_Punches,flow:Warroom_Punches_GetFilterCatalogs,CALLS,observed,scr_Punches.pa.yaml
screen:scr_Punches,screen:scr_Briefing,NAVIGATES_TO,observed,scr_Punches.pa.yaml
screen:scr_Punches,screen:scr_Config,NAVIGATES_TO,observed,scr_Punches.pa.yaml
screen:scr_Punches,screen:scr_Home,NAVIGATES_TO,observed,scr_Punches.pa.yaml
screen:scr_Punches,screen:scr_Overview,NAVIGATES_TO,observed,scr_Punches.pa.yaml
screen:scr_Punches,screen:scr_PunchReview,NAVIGATES_TO,observed,scr_Punches.pa.yaml
screen:scr_Punches,screen:scr_Punches,NAVIGATES_TO,observed,scr_Punches.pa.yaml
screen:scr_Punches,screen:scr_Skyline,NAVIGATES_TO,observed,scr_Punches.pa.yaml
screen:scr_Punches,screen:scr_SuperAdmin,NAVIGATES_TO,observed,scr_Punches.pa.yaml
screen:scr_Skyline,flow:Warroom_Pulse_GetSubsystemSkyline,CALLS,observed,scr_Skyline.pa.yaml
screen:scr_Skyline,screen:scr_Briefing,NAVIGATES_TO,observed,scr_Skyline.pa.yaml
screen:scr_Skyline,screen:scr_Config,NAVIGATES_TO,observed,scr_Skyline.pa.yaml
screen:scr_Skyline,screen:scr_Home,NAVIGATES_TO,observed,scr_Skyline.pa.yaml
screen:scr_Skyline,screen:scr_Overview,NAVIGATES_TO,observed,scr_Skyline.pa.yaml
screen:scr_Skyline,screen:scr_PunchReview,NAVIGATES_TO,observed,scr_Skyline.pa.yaml
screen:scr_Skyline,screen:scr_Punches,NAVIGATES_TO,observed,scr_Skyline.pa.yaml
screen:scr_Skyline,screen:scr_Punches_deprecated,NAVIGATES_TO,observed,scr_Skyline.pa.yaml
screen:scr_Skyline,screen:scr_Skyline,NAVIGATES_TO,observed,scr_Skyline.pa.yaml
screen:scr_Skyline,screen:scr_SuperAdmin,NAVIGATES_TO,observed,scr_Skyline.pa.yaml
screen:scr_Skyline,screen:scr_Tasks,NAVIGATES_TO,observed,scr_Skyline.pa.yaml
screen:scr_SuperAdmin,flow:WarRoom_Admin_Roles_Get,CALLS,observed,scr_SuperAdmin.pa.yaml
screen:scr_SuperAdmin,flow:WarRoom_Admin_Users_Get,CALLS,observed,scr_SuperAdmin.pa.yaml
screen:scr_SuperAdmin,flow:WarRoom_EnabledProjects_Enable,CALLS,observed,scr_SuperAdmin.pa.yaml
screen:scr_SuperAdmin,flow:WarRoom_EnabledProjects_GetActive,CALLS,observed,scr_SuperAdmin.pa.yaml
screen:scr_SuperAdmin,flow:WarRoom_Projects_Search,CALLS,observed,scr_SuperAdmin.pa.yaml
screen:scr_SuperAdmin,screen:scr_Briefing,NAVIGATES_TO,observed,scr_SuperAdmin.pa.yaml
screen:scr_SuperAdmin,screen:scr_Config,NAVIGATES_TO,observed,scr_SuperAdmin.pa.yaml
screen:scr_SuperAdmin,screen:scr_Home,NAVIGATES_TO,observed,scr_SuperAdmin.pa.yaml
screen:scr_SuperAdmin,screen:scr_Overview,NAVIGATES_TO,observed,scr_SuperAdmin.pa.yaml
screen:scr_SuperAdmin,screen:scr_PunchReview,NAVIGATES_TO,observed,scr_SuperAdmin.pa.yaml
screen:scr_SuperAdmin,screen:scr_Punches,NAVIGATES_TO,observed,scr_SuperAdmin.pa.yaml
screen:scr_SuperAdmin,screen:scr_Skyline,NAVIGATES_TO,observed,scr_SuperAdmin.pa.yaml
screen:scr_SuperAdmin,screen:scr_SuperAdmin,NAVIGATES_TO,observed,scr_SuperAdmin.pa.yaml
screen:scr_Tasks,flow:WarRoom_GetCustomBundle,CALLS,observed,scr_Tasks.pa.yaml
screen:scr_Tasks,flow:WarRoom_ListCustomFieldDefs,CALLS,observed,scr_Tasks.pa.yaml
screen:scr_Tasks,flow:WarRoom_SetCustomFieldActive,CALLS,observed,scr_Tasks.pa.yaml
screen:scr_Tasks,flow:WarRoom_UpsertCustomFieldDef,CALLS,observed,scr_Tasks.pa.yaml
screen:scr_Tasks,flow:Warroom_GetTaskCommentsPaged,CALLS,observed,scr_Tasks.pa.yaml
screen:scr_Tasks,flow:Warroom_Tasks_Filtered_Paged,CALLS,observed,scr_Tasks.pa.yaml
screen:scr_Tasks,flow:Warroom_Tasks_GetFilterCatalogs,CALLS,observed,scr_Tasks.pa.yaml
screen:scr_Tasks,screen:scr_Briefing,NAVIGATES_TO,observed,scr_Tasks.pa.yaml
screen:scr_Tasks,screen:scr_Config,NAVIGATES_TO,observed,scr_Tasks.pa.yaml
screen:scr_Tasks,screen:scr_Home,NAVIGATES_TO,observed,scr_Tasks.pa.yaml
screen:scr_Tasks,screen:scr_Overview,NAVIGATES_TO,observed,scr_Tasks.pa.yaml
screen:scr_Tasks,screen:scr_Punches,NAVIGATES_TO,observed,scr_Tasks.pa.yaml
screen:scr_Tasks,screen:scr_Skyline,NAVIGATES_TO,observed,scr_Tasks.pa.yaml
screen:scr_Tasks,screen:scr_SuperAdmin,NAVIGATES_TO,observed,scr_Tasks.pa.yaml
screen:scr_Tasks,screen:scr_Tasks,NAVIGATES_TO,observed,scr_Tasks.pa.yaml
sp:warroom.usp_ActivityLog_Insert,table:warroom.ActivityEventType,READS,derived,schema_warroom.csv
sp:warroom.usp_ActivityLog_Insert,table:warroom.ActivityLog,WRITES,derived,schema_warroom.csv
sp:warroom.usp_AddPunchComment,table:warroom.PunchComment,WRITES,derived,schema_warroom.csv
sp:warroom.usp_AddTaskComment,table:warroom.TaskComment,WRITES,derived,schema_warroom.csv
sp:warroom.usp_Admin_Roles_Get,table:warroom.Roles,READS,derived,schema_warroom.csv
sp:warroom.usp_Admin_UserProjectRole_Upsert,table:warroom.Roles,READS,derived,schema_warroom.csv
sp:warroom.usp_Admin_UserProjectRole_Upsert,table:warroom.Users,READS,derived,schema_warroom.csv
sp:warroom.usp_Admin_UserProjectRole_Upsert,table:warroom.UserProjectRoles,WRITES,derived,schema_warroom.csv
sp:warroom.usp_Admin_User_Upsert,table:warroom.Users,WRITES,derived,schema_warroom.csv
sp:warroom.usp_Admin_Users_Get,table:warroom.Roles,READS,derived,schema_warroom.csv
sp:warroom.usp_Admin_Users_Get,table:warroom.UserProjectRoles,READS,derived,schema_warroom.csv
sp:warroom.usp_Admin_Users_Get,table:warroom.Users,READS,derived,schema_warroom.csv
sp:warroom.usp_AttentionQueue_Add,table:warroom.OperationalAttentionQueueSettings,READS,derived,schema_warroom.csv
sp:warroom.usp_AttentionQueue_Add,table:warroom.OperationalAttentionQueue,WRITES,derived,schema_warroom.csv
sp:warroom.usp_AttentionQueue_Add,table:warroom.OperationalAttentionQueueHistory,WRITES,derived,schema_warroom.csv
sp:warroom.usp_AttentionQueue_GetActive,table:warroom.OperationalAttentionQueue,READS,derived,schema_warroom.csv
sp:warroom.usp_AttentionQueue_GetHistory,table:warroom.OperationalAttentionQueue,READS,derived,schema_warroom.csv
sp:warroom.usp_AttentionQueue_GetHistory,table:warroom.OperationalAttentionQueueHistory,READS,derived,schema_warroom.csv
sp:warroom.usp_AttentionQueue_Move,table:warroom.OperationalAttentionQueue,WRITES,derived,schema_warroom.csv
sp:warroom.usp_AttentionQueue_Move,table:warroom.OperationalAttentionQueueHistory,WRITES,derived,schema_warroom.csv
sp:warroom.usp_AttentionQueue_Remove,table:warroom.OperationalAttentionQueue,WRITES,derived,schema_warroom.csv
sp:warroom.usp_AttentionQueue_Remove,table:warroom.OperationalAttentionQueueHistory,WRITES,derived,schema_warroom.csv
sp:warroom.usp_AttentionQueue_SearchSubsystems,table:warroom.OperationalAttentionQueue,READS,derived,schema_warroom.csv
sp:warroom.usp_AttentionQueue_UpdateReason,table:warroom.OperationalAttentionQueue,WRITES,derived,schema_warroom.csv
sp:warroom.usp_AttentionQueue_UpdateReason,table:warroom.OperationalAttentionQueueHistory,WRITES,derived,schema_warroom.csv
sp:warroom.usp_CompletePunchExportBatch,table:warroom.ExportBatchRow,READS,derived,schema_warroom.csv
sp:warroom.usp_CompletePunchExportBatch,table:warroom.ExportBatch,WRITES,derived,schema_warroom.csv
sp:warroom.usp_CustomBundle_GetJson,table:warroom.CustomFieldDef,READS,derived,schema_warroom.csv
sp:warroom.usp_CustomBundle_GetJson,table:warroom.CustomFieldValue,READS,derived,schema_warroom.csv
sp:warroom.usp_CustomField_List,table:warroom.CustomFieldDef,READS,derived,schema_warroom.csv
sp:warroom.usp_CustomField_ListJson,table:warroom.CustomFieldDef,READS,derived,schema_warroom.csv
sp:warroom.usp_CustomField_Reorder,table:warroom.CustomFieldDef,READS,derived,schema_warroom.csv
sp:warroom.usp_CustomField_SetActive,table:warroom.CustomFieldDef,WRITES,derived,schema_warroom.csv
sp:warroom.usp_CustomField_Upsert,table:warroom.CustomFieldDef,WRITES,derived,schema_warroom.csv
sp:warroom.usp_CustomField_Upsert_AndListJson,table:warroom.CustomFieldDef,WRITES,derived,schema_warroom.csv
sp:warroom.usp_CustomSaveBulk_GetJson,table:warroom.CustomFieldDef,READS,derived,schema_warroom.csv
sp:warroom.usp_CustomSaveBulk_GetJson,table:warroom.CustomFieldValue,WRITES,derived,schema_warroom.csv
sp:warroom.usp_CustomValue_Delete,table:warroom.CustomFieldValue,WRITES,derived,schema_warroom.csv
sp:warroom.usp_CustomValue_Get,table:warroom.CustomFieldDef,READS,derived,schema_warroom.csv
sp:warroom.usp_CustomValue_Get,table:warroom.CustomFieldValue,READS,derived,schema_warroom.csv
sp:warroom.usp_CustomValue_SaveBulk,table:warroom.CustomFieldValue,WRITES,derived,schema_warroom.csv
sp:warroom.usp_DailyBriefing_GetEvents,table:warroom.ActivityLog,READS,derived,schema_warroom.csv
sp:warroom.usp_DailyBriefing_GetKpis,table:warroom.ActivityLog,READS,derived,schema_warroom.csv
sp:warroom.usp_DeletePunchComment,table:warroom.PunchComment,WRITES,derived,schema_warroom.csv
sp:warroom.usp_DeleteTaskComment,table:warroom.TaskComment,WRITES,derived,schema_warroom.csv
sp:warroom.usp_EnabledProjects_Enable,table:warroom.EnabledProjects,WRITES,derived,schema_warroom.csv
sp:warroom.usp_EnabledProjects_GetActive,table:warroom.EnabledProjects,READS,derived,schema_warroom.csv
sp:warroom.usp_ExportProjectPunchesExtended,table:warroom.CustomFieldDef,READS,derived,schema_warroom.csv
sp:warroom.usp_ExportProjectPunchesExtended,table:warroom.CustomFieldValue,READS,derived,schema_warroom.csv
sp:warroom.usp_ExportProjectPunchesExtended,table:warroom.PunchComment,READS,derived,schema_warroom.csv
sp:warroom.usp_ExportProjectPunchesExtended_Pivoted,table:warroom.CustomFieldDef,READS,derived,schema_warroom.csv
sp:warroom.usp_ExportProjectPunchesExtended_Pivoted,table:warroom.CustomFieldValue,READS,derived,schema_warroom.csv
sp:warroom.usp_ExportProjectPunchesExtended_Pivoted,table:warroom.PunchComment,READS,derived,schema_warroom.csv
sp:warroom.usp_GenerateOverviewSnapshot,table:warroom.PunchReportTemplateConfig,READS,derived,schema_warroom.csv
sp:warroom.usp_GenerateOverviewSnapshot,table:warroom.OverviewSnapshot,WRITES,derived,schema_warroom.csv
sp:warroom.usp_GenerateOverviewSnapshot,table:warroom.OverviewSnapshotHeader,WRITES,derived,schema_warroom.csv
sp:warroom.usp_GenerateOverviewSnapshot,table:warroom.OverviewSnapshotMetric,WRITES,derived,schema_warroom.csv
sp:warroom.usp_GenerateOverviewSnapshot,table:warroom.PunchReportStatusConfig,WRITES,derived,schema_warroom.csv
sp:warroom.usp_GeneratePunchDashboardSnapshot,table:warroom.PunchReportStatusConfig,READS,derived,schema_warroom.csv
sp:warroom.usp_GeneratePunchDashboardSnapshot,table:warroom.PunchReportTemplateConfig,READS,derived,schema_warroom.csv
sp:warroom.usp_GeneratePunchDashboardSnapshot,table:warroom.PunchDashboardSnapshotCategoryStatus,WRITES,derived,schema_warroom.csv
sp:warroom.usp_GeneratePunchDashboardSnapshot,table:warroom.PunchDashboardSnapshotRun,WRITES,derived,schema_warroom.csv
sp:warroom.usp_GeneratePunchDashboardSnapshot,table:warroom.PunchDashboardSnapshotSubcontractor,WRITES,derived,schema_warroom.csv
sp:warroom.usp_GeneratePunchDashboardSnapshot,table:warroom.PunchDashboardSnapshotSubsystem,WRITES,derived,schema_warroom.csv
sp:warroom.usp_GetLatestPunchDashboardSnapshot,table:warroom.PunchDashboardSnapshotCategoryStatus,READS,derived,schema_warroom.csv
sp:warroom.usp_GetLatestPunchDashboardSnapshot,table:warroom.PunchDashboardSnapshotRun,READS,derived,schema_warroom.csv
sp:warroom.usp_GetLatestPunchDashboardSnapshot,table:warroom.PunchDashboardSnapshotSubcontractor,READS,derived,schema_warroom.csv
sp:warroom.usp_GetLatestPunchDashboardSnapshot,table:warroom.PunchDashboardSnapshotSubsystem,READS,derived,schema_warroom.csv
sp:warroom.usp_GetOrRefreshPunchDashboardBundle,table:warroom.PunchDashboardSnapshotRun,READS,derived,schema_warroom.csv
sp:warroom.usp_GetOverviewSnapshot,table:warroom.OverviewSnapshot,READS,derived,schema_warroom.csv
sp:warroom.usp_GetOverviewSnapshot,table:warroom.OverviewSnapshotHeader,READS,derived,schema_warroom.csv
sp:warroom.usp_GetOverviewSnapshot,table:warroom.OverviewSnapshotMetric,READS,derived,schema_warroom.csv
sp:warroom.usp_GetProjectInspectionTasksExtended_FilteredPaged,table:warroom.OverviewSnapshot,READS,derived,schema_warroom.csv
sp:warroom.usp_GetProjectInspectionTasksExtended_FilteredPaged,table:warroom.OverviewSnapshotTaskScope,READS,derived,schema_warroom.csv
sp:warroom.usp_GetProjectInspectionTasksExtended_FilteredPaged,table:warroom.TaskComment,READS,derived,schema_warroom.csv
sp:warroom.usp_GetProjectInspectionTasksExtended_FilteredPaged,table:warroom.TaskCustom,READS,derived,schema_warroom.csv
sp:warroom.usp_GetProjectInspectionTasks_Filtered,table:warroom.TaskComment,READS,derived,schema_warroom.csv
sp:warroom.usp_GetProjectInspectionTasks_Filtered,table:warroom.TaskCustom,READS,derived,schema_warroom.csv
sp:warroom.usp_GetProjectPunchFilterCatalogs,table:warroom.PunchReportStatusConfig,READS,derived,schema_warroom.csv
sp:warroom.usp_GetProjectPunchFilterCatalogs,table:warroom.PunchReportTemplateConfig,READS,derived,schema_warroom.csv
sp:warroom.usp_GetProjectPunchFilterCatalogs_V2,table:warroom.PunchReportStatusConfig,READS,derived,schema_warroom.csv
sp:warroom.usp_GetProjectPunchFilterCatalogs_V2,table:warroom.PunchReportTemplateConfig,READS,derived,schema_warroom.csv
sp:warroom.usp_GetProjectPunchTemplates,table:warroom.PunchReportTemplateConfig,READS,derived,schema_warroom.csv
sp:warroom.usp_GetProjectPunchesExtended_FilteredPaged,table:warroom.CustomFieldValue,READS,derived,schema_warroom.csv
sp:warroom.usp_GetProjectPunchesExtended_FilteredPaged,table:warroom.PunchComment,READS,derived,schema_warroom.csv
sp:warroom.usp_GetProjectPunchesExtended_FilteredPaged,table:warroom.PunchCustom,READS,derived,schema_warroom.csv
sp:warroom.usp_GetPulseSubsystemSkyline,table:warroom.SubsystemMilestone,READS,derived,schema_warroom.csv
sp:warroom.usp_GetPunchCommentsPaged,table:warroom.PunchComment,READS,derived,schema_warroom.csv
sp:warroom.usp_GetPunchDashboardBundle,table:warroom.PunchDashboardSnapshotCategoryStatus,READS,derived,schema_warroom.csv
sp:warroom.usp_GetPunchDashboardBundle,table:warroom.PunchDashboardSnapshotRun,READS,derived,schema_warroom.csv
sp:warroom.usp_GetPunchDashboardBundle,table:warroom.PunchDashboardSnapshotSubcontractor,READS,derived,schema_warroom.csv
sp:warroom.usp_GetPunchDashboardBundle,table:warroom.PunchDashboardSnapshotSubsystem,READS,derived,schema_warroom.csv
sp:warroom.usp_GetPunchDashboardCellDetailsPaged,table:warroom.PunchReportStatusConfig,READS,derived,schema_warroom.csv
sp:warroom.usp_GetPunchDashboardSnapshotStatus,table:warroom.PunchDashboardSnapshotRun,READS,derived,schema_warroom.csv
sp:warroom.usp_GetPunchExportColumnMap,table:warroom.CustomFieldDef,READS,derived,schema_warroom.csv
sp:warroom.usp_GetPunchExportCustomFields,table:warroom.CustomFieldDef,READS,derived,schema_warroom.csv
sp:warroom.usp_GetPunchReportStatusConfig,table:warroom.PunchReportStatusConfig,WRITES,derived,schema_warroom.csv
sp:warroom.usp_GetReportColumnConfig,table:warroom.ReportColumnConfig,READS,derived,schema_warroom.csv
sp:warroom.usp_GetTaskCommentsPaged,table:warroom.TaskComment,READS,derived,schema_warroom.csv
sp:warroom.usp_GetTaskSummaryById,table:warroom.TaskComment,READS,derived,schema_warroom.csv
sp:warroom.usp_GroupedTotals_Unassigned,table:warroom.ReportAssignment,READS,derived,schema_warroom.csv
sp:warroom.usp_Home_GetExecutiveDashboard,table:warroom.OperationalCell,READS,derived,schema_warroom.csv
sp:warroom.usp_Home_GetExecutiveDashboard,table:warroom.OperationalCellCache,READS,derived,schema_warroom.csv
sp:warroom.usp_Home_GetHiveNodesByDiscipline,table:warroom.DoneStatusSnapshot,READS,derived,schema_warroom.csv
sp:warroom.usp_Home_GetHiveNodesByDiscipline,table:warroom.ReportConfigVersion,READS,derived,schema_warroom.csv
sp:warroom.usp_Home_GetPendingSubsystemsByDiscipline,table:warroom.DoneStatusSnapshot,READS,derived,schema_warroom.csv
sp:warroom.usp_Home_GetPendingSubsystemsByDiscipline,table:warroom.ReportConfigVersion,READS,derived,schema_warroom.csv
sp:warroom.usp_ListPunchComments,table:warroom.PunchComment,READS,derived,schema_warroom.csv
sp:warroom.usp_ListTaskComments,table:warroom.TaskComment,READS,derived,schema_warroom.csv
sp:warroom.usp_Operations_GetCells,table:warroom.OperationalCell,READS,derived,schema_warroom.csv
sp:warroom.usp_Operations_GetCells,table:warroom.OperationalCellCache,READS,derived,schema_warroom.csv
sp:warroom.usp_Operations_RefreshCellCache,table:warroom.ReportAssignment,READS,derived,schema_warroom.csv
sp:warroom.usp_Operations_RefreshCellCache,table:warroom.ReportNode,READS,derived,schema_warroom.csv
sp:warroom.usp_Operations_RefreshCellCache,table:warroom.OperationalCell,WRITES,derived,schema_warroom.csv
sp:warroom.usp_Operations_RefreshCellCache,table:warroom.OperationalCellCache,WRITES,derived,schema_warroom.csv
sp:warroom.usp_Operations_UpsertCell,table:warroom.OperationalCell,WRITES,derived,schema_warroom.csv
sp:warroom.usp_Operations_UpsertCell,table:warroom.OperationalCellHistory,WRITES,derived,schema_warroom.csv
sp:warroom.usp_ProjectDoneStatus_Get,table:warroom.ProjectDoneStatusConfig,READS,derived,schema_warroom.csv
sp:warroom.usp_ProjectDoneStatus_Save,table:warroom.ProjectDoneStatusConfig,WRITES,derived,schema_warroom.csv
sp:warroom.usp_Projects_Search,table:warroom.EnabledProjects,READS,derived,schema_warroom.csv
sp:warroom.usp_PunchExportLog_Complete,table:warroom.PunchExportLog,WRITES,derived,schema_warroom.csv
sp:warroom.usp_PunchExportLog_Fail,table:warroom.PunchExportLog,WRITES,derived,schema_warroom.csv
sp:warroom.usp_PunchExportLog_Start,table:warroom.PunchExportLog,WRITES,derived,schema_warroom.csv
sp:warroom.usp_RegisterPunchExportSnapshot,table:warroom.ExportBatch,WRITES,derived,schema_warroom.csv
sp:warroom.usp_RegisterPunchExportSnapshot,table:warroom.ExportBatchRow,WRITES,derived,schema_warroom.csv
sp:warroom.usp_ReportAssignment_BulkDelete,table:warroom.ReportAssignment,READS,derived,schema_warroom.csv
sp:warroom.usp_ReportAssignment_BulkUpsert,table:warroom.ReportNode,READS,derived,schema_warroom.csv
sp:warroom.usp_ReportAssignment_BulkUpsert,table:warroom.ReportAssignment,WRITES,derived,schema_warroom.csv
sp:warroom.usp_ReportAssignment_Get,table:warroom.ReportAssignment,READS,derived,schema_warroom.csv
sp:warroom.usp_ReportAssignment_SummaryByNode,table:warroom.ReportAssignment,READS,derived,schema_warroom.csv
sp:warroom.usp_ReportAssignment_SummaryByNode,table:warroom.ReportNode,READS,derived,schema_warroom.csv
sp:warroom.usp_ReportConfig_GetAssignmentModalData,table:warroom.ReportAssignment,READS,derived,schema_warroom.csv
sp:warroom.usp_ReportConfig_GetAssignmentModalData,table:warroom.ReportNode,READS,derived,schema_warroom.csv
sp:warroom.usp_ReportConfig_GetPublishedVersion,table:warroom.ReportConfigVersion,READS,derived,schema_warroom.csv
sp:warroom.usp_ReportConfig_Publish,table:warroom.ProjectDoneStatusConfig,READS,derived,schema_warroom.csv
sp:warroom.usp_ReportConfig_Publish,table:warroom.ConfigurationAuditLog,WRITES,derived,schema_warroom.csv
sp:warroom.usp_ReportConfig_Publish,table:warroom.DoneStatusSnapshot,WRITES,derived,schema_warroom.csv
sp:warroom.usp_ReportConfig_Publish,table:warroom.ReportAssignment,WRITES,derived,schema_warroom.csv
sp:warroom.usp_ReportConfig_Publish,table:warroom.ReportAssignmentSnapshot,WRITES,derived,schema_warroom.csv
sp:warroom.usp_ReportConfig_Publish,table:warroom.ReportConfigVersion,WRITES,derived,schema_warroom.csv
sp:warroom.usp_ReportConfig_Publish,table:warroom.ReportNode,WRITES,derived,schema_warroom.csv
sp:warroom.usp_ReportConfig_Publish,table:warroom.ReportNodeSnapshot,WRITES,derived,schema_warroom.csv
sp:warroom.usp_ReportConfig_UnassignGroups,table:warroom.ReportAssignment,READS,derived,schema_warroom.csv
sp:warroom.usp_ReportConfig_Validate,table:warroom.ProjectDoneStatusConfig,READS,derived,schema_warroom.csv
sp:warroom.usp_ReportConfig_Validate,table:warroom.ReportAssignment,READS,derived,schema_warroom.csv
sp:warroom.usp_ReportConfig_Validate,table:warroom.ReportNode,READS,derived,schema_warroom.csv
sp:warroom.usp_ReportDictionary_Get,table:warroom.ReportAssignment,READS,derived,schema_warroom.csv
sp:warroom.usp_ReportDictionary_Get,table:warroom.ReportNode,READS,derived,schema_warroom.csv
sp:warroom.usp_ReportDictionary_MapDebug,table:warroom.ReportAssignment,READS,derived,schema_warroom.csv
sp:warroom.usp_ReportDictionary_MapDebug,table:warroom.ReportNode,READS,derived,schema_warroom.csv
sp:warroom.usp_ReportNode_Deactivate,table:warroom.ReportNode,WRITES,derived,schema_warroom.csv
sp:warroom.usp_ReportNode_GetTree,table:warroom.ReportNode,READS,derived,schema_warroom.csv
sp:warroom.usp_ReportNode_Upsert,table:warroom.ReportNode,WRITES,derived,schema_warroom.csv
sp:warroom.usp_ReportTasks_FromConfig,table:warroom.DoneStatusSnapshot,READS,derived,schema_warroom.csv
sp:warroom.usp_ReportTasks_FromConfig,table:warroom.ReportAssignment,READS,derived,schema_warroom.csv
sp:warroom.usp_ReportTasks_FromConfig,table:warroom.ReportAssignmentSnapshot,READS,derived,schema_warroom.csv
sp:warroom.usp_ReportTasks_FromConfig,table:warroom.ReportConfigVersion,READS,derived,schema_warroom.csv
sp:warroom.usp_ReportTasks_FromConfig,table:warroom.ReportNode,READS,derived,schema_warroom.csv
sp:warroom.usp_ReportTasks_FromConfig,table:warroom.ReportNodeSnapshot,READS,derived,schema_warroom.csv
sp:warroom.usp_ReportTasks_FromConfig,table:warroom.OverviewSnapshot,WRITES,derived,schema_warroom.csv
sp:warroom.usp_ReportTasks_FromConfig,table:warroom.OverviewSnapshotTaskScope,WRITES,derived,schema_warroom.csv
sp:warroom.usp_Security_GetMyPermissions,table:warroom.Permissions,READS,derived,schema_warroom.csv
sp:warroom.usp_Security_GetMyPermissions,table:warroom.RolePermissions,READS,derived,schema_warroom.csv
sp:warroom.usp_Security_GetMyPermissions,table:warroom.Roles,READS,derived,schema_warroom.csv
sp:warroom.usp_Security_GetMyPermissions,table:warroom.UserProjectRoles,READS,derived,schema_warroom.csv
sp:warroom.usp_Security_GetMyPermissions,table:warroom.Users,READS,derived,schema_warroom.csv
sp:warroom.usp_Security_GetMyProjectRoles,table:warroom.Roles,READS,derived,schema_warroom.csv
sp:warroom.usp_Security_GetMyProjectRoles,table:warroom.UserProjectRoles,READS,derived,schema_warroom.csv
sp:warroom.usp_Security_GetMyProjectRoles,table:warroom.Users,READS,derived,schema_warroom.csv
sp:warroom.usp_Security_IsSuperAdmin,table:warroom.SuperAdmins,READS,derived,schema_warroom.csv
sp:warroom.usp_SetPunchReportStatusIncluded,table:warroom.PunchReportStatusConfig,WRITES,derived,schema_warroom.csv
sp:warroom.usp_SetPunchTemplateIncluded,table:warroom.PunchReportTemplateConfig,WRITES,derived,schema_warroom.csv
sp:warroom.usp_UpdatePunchComment,table:warroom.PunchComment,WRITES,derived,schema_warroom.csv
sp:warroom.usp_UpdateTaskComment,table:warroom.TaskComment,WRITES,derived,schema_warroom.csv
sp:warroom.usp_UpdateTaskStatusClassification,table:warroom.TaskStatusClassification,WRITES,derived,schema_warroom.csv
sp:warroom.usp_UpsertPunchCustom,table:warroom.PunchCustom,WRITES,derived,schema_warroom.csv
sp:warroom.usp_UpsertTaskCustom,table:warroom.TaskCustom,WRITES,derived,schema_warroom.csv
